"","expect","preference","competence","descriptive.norms","Injunctive","regret","joy","check","gender","gender_3_TEXT","age","comments","condition","FL_23_DO","FL_21_DO"
"1",-5,0,-1,3,-5,4,-5,11,1,NA,24,"",2,"FL_25","descriptivenorms|injunctivenorms|joy|competence|preference|regret"
"2",-5,-5,-5,0,0,0,-5,11,2,NA,54,"",2,"FL_25","injunctivenorms|joy|competence|preference|descriptivenorms|regret"
"3",0,0,-3,-1,0,-1,-1,11,1,NA,33,"no",3,"FL_26","injunctivenorms|regret|joy|descriptivenorms|competence|preference"
"4",-5,-2,-2,2,3,3,-3,11,2,NA,30,"",2,"FL_25","regret|competence|preference|joy|injunctivenorms|descriptivenorms"
"5",0,0,-1,2,-1,1,0,11,2,NA,52,"",1,"FL_24","joy|competence|regret|preference|descriptivenorms|injunctivenorms"
"6",-3,-2,-2,0,4,4,3,11,2,NA,29,"n/a",2,"FL_25","injunctivenorms|joy|competence|regret|descriptivenorms|preference"
"7",0,0,0,1,2,3,3,11,2,NA,24,"",2,"FL_25","competence|regret|injunctivenorms|preference|joy|descriptivenorms"
"8",-4,0,0,2,2,3,5,11,2,NA,26,"",2,"FL_25","preference|joy|descriptivenorms|competence|injunctivenorms|regret"
"9",-2,3,1,-4,2,-3,3,11,1,NA,39,"",2,"FL_25","descriptivenorms|competence|injunctivenorms|joy|regret|preference"
"10",2,0,1,5,-5,5,5,11,2,NA,39,"",3,"FL_26","descriptivenorms|preference|joy|regret|injunctivenorms|competence"
"11",2,0,0,0,0,0,0,11,2,NA,27,"",3,"FL_26","competence|descriptivenorms|regret|joy|preference|injunctivenorms"
"12",-2,0,-1,0,5,3,-2,11,2,NA,52,"",2,"FL_25","injunctivenorms|joy|descriptivenorms|preference|regret|competence"
"13",-4,2,0,3,5,5,0,11,2,NA,23,"",2,"FL_25","injunctivenorms|preference|competence|joy|descriptivenorms|regret"
"14",-2,0,0,0,-1,-2,1,11,3,NA,42,"",3,"FL_26","preference|descriptivenorms|joy|competence|regret|injunctivenorms"
"15",0,0,3,0,-4,-1,0,11,2,NA,53,"My answers are mostly suppositins as i know very little about how financial advisors operate",2,"FL_25","joy|preference|injunctivenorms|descriptivenorms|competence|regret"
"16",0,0,0,0,0,2,0,11,2,NA,33,"",1,"FL_24","regret|descriptivenorms|preference|joy|competence|injunctivenorms"
"17",-2,-2,-1,-1,0,2,0,11,2,NA,36,"",2,"FL_25","competence|joy|injunctivenorms|regret|preference|descriptivenorms"
"18",0,-1,0,0,-1,2,0,11,2,NA,61,"I hope my financial advisor is doing better than these two!",1,"FL_24","descriptivenorms|regret|joy|preference|competence|injunctivenorms"
"19",-5,-5,-1,-5,5,5,5,11,2,NA,36,"",2,"FL_25","regret|competence|preference|injunctivenorms|joy|descriptivenorms"
"20",5,-3,0,0,3,0,0,11,2,NA,34,"",3,"FL_26","preference|injunctivenorms|competence|descriptivenorms|joy|regret"
"21",0,-2,-2,2,-2,3,3,11,2,NA,31,"",1,"FL_24","joy|descriptivenorms|competence|regret|preference|injunctivenorms"
"22",3,0,0,2,0,3,0,11,2,NA,35,"",3,"FL_26","joy|descriptivenorms|competence|injunctivenorms|regret|preference"
"23",-1,-2,-2,1,1,2,3,11,2,NA,35,"",2,"FL_25","regret|preference|injunctivenorms|descriptivenorms|competence|joy"
"24",2,-1,0,5,5,4,5,11,1,NA,33,"",2,"FL_25","regret|competence|injunctivenorms|preference|descriptivenorms|joy"
"25",0,0,0,0,2,3,-3,11,2,NA,54,"",1,"FL_24","injunctivenorms|preference|descriptivenorms|joy|regret|competence"
"26",1,1,0,-3,3,3,3,11,1,NA,46,"No thank you.",1,"FL_24","regret|preference|joy|descriptivenorms|injunctivenorms|competence"
"27",-2,1,1,0,-1,1,2,11,2,NA,36,"",2,"FL_25","joy|preference|competence|descriptivenorms|injunctivenorms|regret"
"28",0,0,0,0,0,0,0,11,2,NA,28,"",3,"FL_26","descriptivenorms|preference|joy|injunctivenorms|regret|competence"
"29",0,-2,0,0,2,5,3,11,2,NA,28,"",1,"FL_24","regret|injunctivenorms|preference|joy|competence|descriptivenorms"
"30",5,3,-2,0,-4,3,3,11,2,NA,27,"no",3,"FL_26","preference|regret|injunctivenorms|joy|descriptivenorms|competence"
"31",0,-1,0,-1,3,4,3,11,2,NA,42,"",1,"FL_24","regret|competence|joy|preference|injunctivenorms|descriptivenorms"
"32",0,-3,0,0,2,3,-3,11,2,NA,59,"",1,"FL_24","injunctivenorms|descriptivenorms|preference|competence|regret|joy"
"33",4,0,0,0,-5,5,-5,11,2,NA,55,"",3,"FL_26","joy|injunctivenorms|descriptivenorms|preference|regret|competence"
"34",0,-1,0,0,2,3,-3,11,2,NA,30,"",1,"FL_24","injunctivenorms|competence|joy|preference|descriptivenorms|regret"
"35",-3,0,0,0,3,5,-3,11,1,NA,29,"",2,"FL_25","descriptivenorms|joy|injunctivenorms|regret|competence|preference"
"36",-2,4,3,3,-2,-3,5,11,1,NA,24,"",3,"FL_26","regret|descriptivenorms|joy|competence|injunctivenorms|preference"
"37",4,0,-5,-5,5,5,5,11,1,NA,19,"",1,"FL_24","preference|regret|injunctivenorms|descriptivenorms|competence|joy"
"38",-2,0,0,2,5,5,-5,11,2,NA,38,"",1,"FL_24","injunctivenorms|regret|competence|preference|descriptivenorms|joy"
"39",3,4,0,4,-4,-4,-4,11,2,NA,28,"thanks!",1,"FL_24","preference|joy|descriptivenorms|injunctivenorms|regret|competence"
"40",3,5,0,3,2,0,5,11,1,NA,23,"",1,"FL_24","preference|injunctivenorms|competence|descriptivenorms|joy|regret"
"41",0,-5,3,5,-5,5,5,11,2,NA,45,"",2,"FL_25","joy|regret|injunctivenorms|competence|preference|descriptivenorms"
"42",-3,0,-1,-3,4,4,3,11,2,NA,20,"",2,"FL_25","joy|preference|descriptivenorms|regret|competence|injunctivenorms"
"43",-5,-5,-5,5,-5,5,5,11,2,NA,54,"",1,"FL_24","regret|preference|descriptivenorms|injunctivenorms|competence|joy"
"44",-4,-3,0,-3,3,3,0,11,2,NA,59,"",2,"FL_25","joy|injunctivenorms|regret|competence|descriptivenorms|preference"
"45",0,0,0,0,0,1,1,11,2,NA,30,"",1,"FL_24","competence|joy|injunctivenorms|regret|preference|descriptivenorms"
"46",0,0,0,2,0,0,0,11,2,NA,34,"",1,"FL_24","descriptivenorms|joy|competence|regret|injunctivenorms|preference"
"47",0,0,-2,2,3,5,3,11,2,NA,29,"",1,"FL_24","descriptivenorms|joy|injunctivenorms|regret|preference|competence"
"48",-2,-2,0,-1,2,0,0,11,3,NA,24,"",2,"FL_25","competence|injunctivenorms|joy|descriptivenorms|regret|preference"
"49",-1,1,1,-1,0,3,5,11,2,NA,45,"",1,"FL_24","regret|competence|joy|injunctivenorms|preference|descriptivenorms"
"50",3,0,0,-3,2,2,-1,11,2,NA,51,"",1,"FL_24","regret|preference|competence|injunctivenorms|joy|descriptivenorms"
"51",-3,-5,-2,0,5,5,4,11,2,NA,36,"none",2,"FL_25","joy|preference|descriptivenorms|regret|competence|injunctivenorms"
"52",3,2,0,-3,0,0,0,11,2,NA,40,"It was really interesting  and thoughtful.",1,"FL_24","joy|injunctivenorms|descriptivenorms|preference|regret|competence"
"53",3,0,0,0,0,0,0,11,1,NA,37,"",3,"FL_26","competence|injunctivenorms|joy|descriptivenorms|regret|preference"
"54",-3,0,0,1,1,4,-3,11,2,NA,43,"",1,"FL_24","competence|regret|preference|descriptivenorms|injunctivenorms|joy"
"55",-4,0,0,1,1,3,2,11,2,NA,37,"None",2,"FL_25","regret|preference|competence|descriptivenorms|joy|injunctivenorms"
"56",0,1,0,0,2,2,-2,11,2,NA,27,"",2,"FL_25","regret|descriptivenorms|injunctivenorms|preference|competence|joy"
"57",0,-2,-2,-2,4,0,-3,11,1,NA,28,"",2,"FL_25","descriptivenorms|joy|injunctivenorms|competence|regret|preference"
"58",4,3,0,5,4,-5,-4,11,2,NA,26,"No",3,"FL_26","preference|descriptivenorms|regret|joy|injunctivenorms|competence"
"59",0,-4,-3,3,3,3,-4,11,2,NA,31,"",1,"FL_24","competence|descriptivenorms|joy|injunctivenorms|regret|preference"
"60",0,-2,-1,3,-3,5,5,11,1,NA,41,"",1,"FL_24","descriptivenorms|injunctivenorms|regret|preference|joy|competence"
"61",0,2,-2,-2,2,4,-3,11,2,NA,26,"",3,"FL_26","competence|joy|descriptivenorms|preference|regret|injunctivenorms"
"62",5,3,1,1,2,-3,0,11,2,NA,47,"",3,"FL_26","injunctivenorms|preference|descriptivenorms|regret|joy|competence"
"63",0,-5,0,5,-5,0,-5,11,2,NA,46,"",1,"FL_24","descriptivenorms|joy|competence|preference|injunctivenorms|regret"
"64",0,0,0,3,0,0,1,11,2,NA,53,"",1,"FL_24","competence|descriptivenorms|regret|injunctivenorms|joy|preference"
"65",0,0,-1,0,4,2,-3,11,2,NA,39,"",3,"FL_26","injunctivenorms|competence|joy|regret|descriptivenorms|preference"
"66",0,0,0,0,0,-3,4,11,2,NA,44,"",1,"FL_24","descriptivenorms|competence|regret|injunctivenorms|preference|joy"
"67",0,0,-2,0,3,0,0,11,2,NA,48,"",1,"FL_24","joy|injunctivenorms|preference|descriptivenorms|competence|regret"
"68",-1,-3,-2,-3,2,5,3,11,2,NA,35,"n/a",1,"FL_24","preference|injunctivenorms|regret|competence|joy|descriptivenorms"
"69",5,-5,-5,-5,5,5,5,11,2,NA,61,"",1,"FL_24","competence|preference|descriptivenorms|joy|injunctivenorms|regret"
"70",1,-2,0,0,-3,4,0,11,1,NA,22,"",1,"FL_24","joy|preference|descriptivenorms|injunctivenorms|regret|competence"
"71",0,0,0,5,-4,3,3,11,2,NA,30,"",2,"FL_25","joy|regret|competence|descriptivenorms|injunctivenorms|preference"
"72",0,0,-3,-3,3,4,1,11,2,NA,38,"",1,"FL_24","competence|descriptivenorms|preference|joy|regret|injunctivenorms"
"73",0,-3,0,0,0,5,5,11,2,NA,37,"",2,"FL_25","preference|regret|joy|descriptivenorms|injunctivenorms|competence"
"74",2,-2,-2,2,4,4,-3,11,1,NA,19,"",2,"FL_25","preference|regret|descriptivenorms|competence|joy|injunctivenorms"
"75",0,0,0,-5,5,5,-2,11,2,NA,32,"",2,"FL_25","descriptivenorms|regret|joy|preference|competence|injunctivenorms"
"76",3,0,-1,3,2,0,3,11,2,NA,25,"",3,"FL_26","descriptivenorms|regret|injunctivenorms|preference|competence|joy"
"77",0,-1,0,0,2,1,-1,11,2,NA,31,"none",2,"FL_25","injunctivenorms|joy|preference|descriptivenorms|regret|competence"
"78",2,-4,-3,-3,1,-3,-3,11,1,NA,38,"was very funny",3,"FL_26","injunctivenorms|joy|regret|competence|preference|descriptivenorms"
"79",3,0,0,0,0,0,0,11,2,NA,40,"",3,"FL_26","injunctivenorms|preference|joy|competence|descriptivenorms|regret"
"80",3,0,0,1,0,-1,0,11,1,NA,30,"",3,"FL_26","joy|competence|descriptivenorms|preference|injunctivenorms|regret"
"81",2,0,1,-2,-2,0,2,11,1,NA,25,"Seemed interesting  was fairly hard to think of who to side with more though... perhaps that was the point  still some of my answers weren't too weighted to one side  generally towards the center.",3,"FL_26","joy|descriptivenorms|regret|preference|competence|injunctivenorms"
"82",-1,-4,-4,0,-2,4,5,11,2,NA,48,"",2,"FL_25","joy|regret|descriptivenorms|preference|injunctivenorms|competence"
"83",0,0,0,-1,1,2,-2,11,1,NA,24,"",1,"FL_24","injunctivenorms|preference|joy|descriptivenorms|regret|competence"
"84",0,1,-1,-2,3,1,0,11,2,NA,26,"",3,"FL_26","descriptivenorms|injunctivenorms|preference|regret|competence|joy"
"85",-3,2,-3,3,3,4,-3,11,1,NA,24,"",2,"FL_25","joy|preference|competence|injunctivenorms|regret|descriptivenorms"
"86",2,0,0,1,0,0,-3,11,2,NA,42,"",3,"FL_26","descriptivenorms|regret|preference|joy|injunctivenorms|competence"
"87",3,1,0,3,0,0,0,11,2,NA,40,"",3,"FL_26","injunctivenorms|competence|regret|preference|joy|descriptivenorms"
"88",-3,0,0,2,0,0,0,11,1,NA,22,"",2,"FL_25","injunctivenorms|competence|regret|joy|preference|descriptivenorms"
"89",3,-3,-3,0,5,4,0,11,1,NA,28,"",3,"FL_26","injunctivenorms|descriptivenorms|regret|joy|competence|preference"
"90",0,2,2,-1,3,5,5,11,2,NA,31,"",2,"FL_25","preference|injunctivenorms|regret|joy|descriptivenorms|competence"
"91",0,0,0,-2,2,-2,-2,11,2,NA,32,"",1,"FL_24","joy|competence|preference|injunctivenorms|regret|descriptivenorms"
"92",0,0,3,2,3,5,-5,11,2,NA,43,"",2,"FL_25","descriptivenorms|regret|preference|competence|injunctivenorms|joy"
"93",-2,-1,0,2,3,4,-3,11,2,NA,41,"",1,"FL_24","competence|joy|descriptivenorms|preference|injunctivenorms|regret"
"94",0,2,0,1,-1,2,0,11,2,NA,22,"",3,"FL_26","regret|joy|descriptivenorms|preference|competence|injunctivenorms"
"95",5,0,-3,0,4,0,4,11,1,NA,22,"",3,"FL_26","regret|competence|joy|preference|injunctivenorms|descriptivenorms"
"96",0,-3,-2,0,1,3,-4,11,2,NA,51,"",1,"FL_24","preference|injunctivenorms|regret|joy|competence|descriptivenorms"
"97",0,1,0,1,1,1,1,11,1,NA,27,"",3,"FL_26","competence|injunctivenorms|regret|joy|preference|descriptivenorms"
"98",0,2,0,5,-5,0,0,11,2,NA,46,"",3,"FL_26","preference|regret|competence|joy|injunctivenorms|descriptivenorms"
"99",0,-2,-3,0,2,4,3,11,2,NA,23,"N/A",2,"FL_25","injunctivenorms|regret|preference|descriptivenorms|competence|joy"
"100",0,-1,-1,-5,-1,-1,5,11,2,NA,51,"",2,"FL_25","joy|descriptivenorms|competence|regret|preference|injunctivenorms"
"101",0,-2,-2,0,4,5,4,11,2,NA,21,"",1,"FL_24","competence|descriptivenorms|regret|preference|injunctivenorms|joy"
"102",-1,-3,-5,0,5,1,-2,1,2,NA,35,"",2,"FL_25","competence|regret|preference|injunctivenorms|descriptivenorms|joy"
"103",0,-2,-3,-3,3,3,-4,11,1,NA,26,"",1,"FL_24","descriptivenorms|injunctivenorms|preference|joy|competence|regret"
"104",1,-3,2,2,2,2,3,11,1,NA,24,"",3,"FL_26","injunctivenorms|preference|joy|regret|descriptivenorms|competence"
"105",4,3,-4,4,-5,3,5,11,2,NA,46,"Thank you. Interesting study.",1,"FL_24","regret|competence|injunctivenorms|joy|preference|descriptivenorms"
"106",0,0,-2,3,3,5,0,11,2,NA,20,"",1,"FL_24","joy|descriptivenorms|injunctivenorms|preference|regret|competence"
"107",2,2,4,3,-3,3,5,11,2,NA,32,"",3,"FL_26","regret|injunctivenorms|competence|descriptivenorms|preference|joy"
"108",5,-3,2,-1,1,2,2,11,2,NA,38,"",3,"FL_26","regret|injunctivenorms|descriptivenorms|competence|joy|preference"
"109",0,-4,-4,0,3,3,-4,11,1,NA,22,"",2,"FL_25","injunctivenorms|joy|competence|descriptivenorms|preference|regret"
"110",-5,1,0,1,0,-1,-1,11,1,NA,18,"",2,"FL_25","joy|preference|injunctivenorms|regret|descriptivenorms|competence"
"111",-4,-5,-3,3,5,5,-2,11,1,NA,38,"",2,"FL_25","competence|injunctivenorms|joy|preference|regret|descriptivenorms"
"112",-4,-2,-2,5,5,4,-5,11,1,NA,34,"",2,"FL_25","descriptivenorms|preference|regret|injunctivenorms|joy|competence"
"113",0,0,0,-5,0,0,0,11,2,NA,22,"N/A",1,"FL_24","competence|preference|injunctivenorms|regret|descriptivenorms|joy"
"114",0,-1,0,2,0,0,0,11,2,NA,46,"",1,"FL_24","descriptivenorms|injunctivenorms|preference|competence|regret|joy"
"115",-2,-2,0,2,-2,-2,1,11,2,NA,42,"",2,"FL_25","preference|joy|descriptivenorms|injunctivenorms|regret|competence"
"116",0,0,0,0,0,0,0,11,2,NA,31,"i thought the questions were quite difficult to understand  i think you should try and word them better with the scenario. As it seems to be they both didnt do anything and they client would be better off if they made the opposite decision. ",1,"FL_24","preference|descriptivenorms|regret|competence|joy|injunctivenorms"
"117",-4,-3,-3,-3,3,4,-3,11,2,NA,37,"",2,"FL_25","descriptivenorms|regret|joy|preference|injunctivenorms|competence"
"118",0,-3,-2,1,3,4,4,11,1,NA,26,"",1,"FL_24","preference|descriptivenorms|competence|regret|injunctivenorms|joy"
"119",0,0,0,4,3,4,-3,11,2,NA,26,"You should ask people their gender  not their sex",1,"FL_24","joy|injunctivenorms|competence|preference|regret|descriptivenorms"
"120",0,0,0,-1,1,0,-1,11,2,NA,35,"",3,"FL_26","regret|preference|competence|injunctivenorms|descriptivenorms|joy"
"121",5,4,1,0,-5,5,-4,11,2,NA,40,"",3,"FL_26","preference|injunctivenorms|descriptivenorms|regret|competence|joy"
"122",4,-4,0,3,-4,4,4,11,2,NA,40,"Interesting to think who would be the better advisor as stocks and shares are often more of a gamble than a certain. ",3,"FL_26","injunctivenorms|descriptivenorms|preference|regret|competence|joy"
"123",-4,-3,-2,3,3,5,4,11,2,NA,44,"",2,"FL_25","injunctivenorms|competence|descriptivenorms|joy|regret|preference"
"124",0,0,0,-2,3,5,4,11,2,NA,27,"",1,"FL_24","regret|competence|injunctivenorms|preference|descriptivenorms|joy"
"125",-3,0,0,0,2,3,2,11,2,NA,27,"",2,"FL_25","regret|injunctivenorms|descriptivenorms|joy|preference|competence"
"126",5,0,2,0,2,3,2,11,2,NA,33,"",3,"FL_26","competence|regret|descriptivenorms|preference|joy|injunctivenorms"
"127",0,3,2,0,-3,-3,2,11,2,NA,28,"",3,"FL_26","injunctivenorms|regret|preference|joy|competence|descriptivenorms"
"128",-1,-3,-2,-3,3,3,0,11,1,NA,22,"",2,"FL_25","regret|descriptivenorms|competence|preference|injunctivenorms|joy"
"129",-2,-2,0,0,3,3,-2,11,2,NA,51,"",2,"FL_25","competence|preference|joy|descriptivenorms|regret|injunctivenorms"
"130",0,0,0,2,-3,5,5,11,2,NA,38,"",1,"FL_24","preference|regret|joy|descriptivenorms|competence|injunctivenorms"
"131",0,0,0,1,2,2,0,11,2,NA,25,"",2,"FL_25","competence|joy|descriptivenorms|injunctivenorms|regret|preference"
"132",-4,-2,-2,3,-2,4,5,11,2,NA,31,"",2,"FL_25","competence|preference|injunctivenorms|descriptivenorms|regret|joy"
"133",-4,1,1,3,-5,-3,-4,11,1,NA,25,"",2,"FL_25","injunctivenorms|descriptivenorms|joy|preference|competence|regret"
"134",-3,0,0,0,2,0,-3,11,2,NA,52,"",2,"FL_25","preference|competence|descriptivenorms|regret|joy|injunctivenorms"
"135",3,-3,0,-4,3,4,5,11,2,NA,33,"",3,"FL_26","injunctivenorms|descriptivenorms|regret|preference|competence|joy"
"136",1,1,2,2,-3,0,4,11,2,NA,20,"",3,"FL_26","descriptivenorms|preference|competence|injunctivenorms|regret|joy"
"137",0,1,0,0,0,2,0,11,2,NA,28,"",2,"FL_25","competence|preference|joy|descriptivenorms|injunctivenorms|regret"
"138",0,2,0,0,2,-3,5,11,2,NA,35,"",1,"FL_24","competence|joy|preference|regret|injunctivenorms|descriptivenorms"
"139",2,0,1,1,-3,-1,1,11,1,NA,40,"",3,"FL_26","injunctivenorms|competence|preference|joy|descriptivenorms|regret"
"140",-3,0,0,0,2,0,3,11,2,NA,30,"",2,"FL_25","competence|descriptivenorms|injunctivenorms|preference|regret|joy"
"141",0,0,0,-1,0,0,0,11,2,NA,63,"",1,"FL_24","injunctivenorms|joy|competence|preference|regret|descriptivenorms"
"142",0,0,0,0,0,0,0,11,2,NA,34,"",1,"FL_24","joy|competence|injunctivenorms|descriptivenorms|regret|preference"
"143",0,-3,0,-1,2,3,-2,11,1,NA,24,"",1,"FL_24","competence|regret|joy|injunctivenorms|descriptivenorms|preference"
"144",5,0,-3,3,5,0,2,11,2,NA,39,"",3,"FL_26","injunctivenorms|regret|competence|descriptivenorms|preference|joy"
"145",5,2,1,2,-3,3,2,11,2,NA,46,"",3,"FL_26","preference|descriptivenorms|regret|competence|injunctivenorms|joy"
"146",5,0,2,0,0,0,5,11,1,NA,25,"",3,"FL_26","descriptivenorms|injunctivenorms|preference|regret|joy|competence"
"147",0,-3,-1,0,3,4,-4,11,2,NA,18,"",2,"FL_25","preference|injunctivenorms|competence|regret|descriptivenorms|joy"
"148",2,-5,0,4,0,5,5,11,2,NA,31,"",2,"FL_25","descriptivenorms|joy|competence|preference|injunctivenorms|regret"
"149",-5,-3,3,4,-3,0,4,11,2,NA,32,"",2,"FL_25","descriptivenorms|regret|preference|injunctivenorms|competence|joy"
"150",2,2,0,3,2,1,2,11,1,NA,28,"N/A",1,"FL_24","regret|competence|preference|injunctivenorms|descriptivenorms|joy"
"151",0,0,0,0,0,4,1,11,2,NA,32,"",1,"FL_24","preference|descriptivenorms|competence|regret|joy|injunctivenorms"
"152",3,-5,0,3,-5,5,5,11,2,NA,27,"",1,"FL_24","joy|descriptivenorms|competence|regret|injunctivenorms|preference"
"153",3,2,3,2,2,2,4,11,2,NA,37,"",1,"FL_24","injunctivenorms|preference|joy|descriptivenorms|competence|regret"
"154",0,0,0,-4,5,0,3,11,1,NA,18,"",3,"FL_26","descriptivenorms|regret|joy|competence|preference|injunctivenorms"
"155",-1,2,-1,-2,2,4,-2,11,1,NA,2,"",3,"FL_26","preference|descriptivenorms|injunctivenorms|competence|regret|joy"
"156",0,-4,-2,2,4,3,0,11,2,NA,24,"",2,"FL_25","competence|regret|injunctivenorms|preference|descriptivenorms|joy"
"157",0,0,0,0,3,4,2,11,2,NA,35,"",2,"FL_25","descriptivenorms|injunctivenorms|joy|regret|competence|preference"
"158",0,-3,-3,-2,2,5,4,11,1,NA,24,"",1,"FL_24","injunctivenorms|joy|regret|preference|competence|descriptivenorms"
"159",5,5,0,3,-5,3,5,11,1,NA,43,"",3,"FL_26","competence|regret|descriptivenorms|joy|injunctivenorms|preference"
"160",-5,0,0,0,0,0,0,11,1,NA,60,"",3,"FL_26","competence|joy|injunctivenorms|preference|regret|descriptivenorms"
"161",5,0,0,2,-1,2,5,11,2,NA,48,"",1,"FL_24","preference|injunctivenorms|joy|descriptivenorms|competence|regret"
"162",0,0,-5,-5,5,-5,5,11,2,NA,39,"",2,"FL_25","regret|joy|injunctivenorms|competence|preference|descriptivenorms"
"163",0,-1,-1,-2,1,2,2,11,2,NA,47,"",1,"FL_24","preference|competence|injunctivenorms|descriptivenorms|joy|regret"
"164",5,2,0,-2,4,5,-2,11,1,NA,23,"",3,"FL_26","regret|preference|joy|injunctivenorms|descriptivenorms|competence"
"165",-3,-1,0,2,5,5,-5,11,2,NA,50,"",2,"FL_25","regret|joy|preference|descriptivenorms|competence|injunctivenorms"
"166",-5,-5,-5,-5,5,5,5,11,1,NA,47,"",2,"FL_25","descriptivenorms|regret|joy|preference|competence|injunctivenorms"
"167",0,0,0,1,-1,2,3,11,2,NA,26,"",1,"FL_24","descriptivenorms|joy|preference|competence|injunctivenorms|regret"
"168",4,-1,-1,-3,4,4,0,11,2,NA,39,"It was quite difficult to answer the questions  as they had acted with an unknown outcome. ",3,"FL_26","injunctivenorms|descriptivenorms|regret|joy|competence|preference"
"169",-5,4,1,2,-4,2,5,11,1,NA,44,"Very nice survey thanks ",1,"FL_24","competence|regret|injunctivenorms|preference|joy|descriptivenorms"
"170",-5,0,0,2,0,1,-2,11,2,NA,33,"",2,"FL_25","regret|competence|injunctivenorms|preference|descriptivenorms|joy"
"171",0,0,-2,-5,-2,3,-4,11,2,NA,47,"",1,"FL_24","descriptivenorms|joy|preference|injunctivenorms|regret|competence"
"172",0,0,1,0,0,0,-1,11,2,NA,32,"",1,"FL_24","descriptivenorms|regret|preference|injunctivenorms|joy|competence"
"173",0,0,0,0,0,0,0,11,2,NA,43,"",1,"FL_24","injunctivenorms|regret|competence|descriptivenorms|joy|preference"
"174",0,0,0,-1,2,0,3,11,2,NA,47,"",1,"FL_24","regret|descriptivenorms|preference|joy|injunctivenorms|competence"
"175",-3,-1,-2,3,2,3,3,11,1,NA,57,"",1,"FL_24","descriptivenorms|competence|regret|preference|injunctivenorms|joy"
"176",-4,0,0,-5,5,5,5,11,1,NA,20,"",2,"FL_25","injunctivenorms|descriptivenorms|competence|joy|regret|preference"
"177",-2,0,-1,-3,-4,3,2,11,1,NA,29,"",2,"FL_25","preference|regret|descriptivenorms|joy|injunctivenorms|competence"
"178",4,0,0,0,4,4,2,11,2,NA,32,"",3,"FL_26","injunctivenorms|joy|competence|descriptivenorms|regret|preference"
"179",0,-2,0,-1,0,3,5,11,2,NA,50,"",1,"FL_24","injunctivenorms|preference|competence|descriptivenorms|joy|regret"
"180",0,-3,0,-3,3,3,3,11,2,NA,21,"",1,"FL_24","regret|joy|injunctivenorms|competence|descriptivenorms|preference"
"181",3,-3,-3,2,5,5,-5,11,1,NA,25,"was an interesting study to tell you the truth  not a lot of people would think about these stuff",1,"FL_24","competence|regret|preference|injunctivenorms|joy|descriptivenorms"
"182",-4,0,-2,3,1,3,-3,11,1,NA,49,"Great questionnaire ",2,"FL_25","joy|preference|competence|descriptivenorms|injunctivenorms|regret"
"183",4,0,0,-3,5,5,5,11,2,NA,33,"",3,"FL_26","competence|injunctivenorms|preference|joy|descriptivenorms|regret"
"184",4,4,4,5,-5,-4,4,11,1,NA,38,"",3,"FL_26","regret|competence|joy|injunctivenorms|descriptivenorms|preference"
"185",4,0,0,0,4,5,-4,11,1,NA,27,"",3,"FL_26","descriptivenorms|joy|competence|injunctivenorms|preference|regret"
"186",-4,-2,-2,-3,2,3,4,11,1,NA,23,"",2,"FL_25","preference|descriptivenorms|competence|injunctivenorms|joy|regret"
"187",0,0,0,-4,-4,-5,-5,11,2,NA,47,"",2,"FL_25","competence|injunctivenorms|regret|preference|descriptivenorms|joy"
"188",0,0,0,0,0,0,0,11,2,NA,25,"",1,"FL_24","competence|descriptivenorms|joy|preference|regret|injunctivenorms"
"189",-3,-3,0,0,2,3,0,11,2,NA,37,"",2,"FL_25","preference|competence|injunctivenorms|joy|regret|descriptivenorms"
"190",2,-3,-1,-3,0,2,3,11,2,NA,37,"",3,"FL_26","joy|preference|descriptivenorms|competence|injunctivenorms|regret"
"191",0,-3,-3,3,4,4,-5,11,2,NA,25,"",1,"FL_24","descriptivenorms|competence|preference|regret|injunctivenorms|joy"
"192",5,0,0,3,0,0,0,11,2,NA,45,"",3,"FL_26","joy|competence|injunctivenorms|regret|descriptivenorms|preference"
"193",-5,5,-5,-5,-5,-2,5,11,2,NA,48,"",3,"FL_26","descriptivenorms|joy|injunctivenorms|preference|regret|competence"
"194",0,0,-1,-2,1,3,3,11,2,NA,46,"none",1,"FL_24","competence|joy|descriptivenorms|regret|preference|injunctivenorms"
"195",0,0,0,0,5,0,0,11,2,NA,38,"",1,"FL_24","descriptivenorms|preference|regret|injunctivenorms|competence|joy"
"196",-3,-2,0,-3,1,2,4,11,2,NA,42,"",2,"FL_25","regret|descriptivenorms|preference|injunctivenorms|joy|competence"
"197",0,0,0,0,0,3,5,11,2,NA,27,"",3,"FL_26","descriptivenorms|joy|regret|competence|injunctivenorms|preference"
"198",0,-5,-1,-5,5,-5,-5,11,2,NA,46,"",1,"FL_24","competence|regret|injunctivenorms|preference|joy|descriptivenorms"
"199",0,2,0,-2,3,2,3,11,2,NA,43,"",1,"FL_24","injunctivenorms|regret|joy|descriptivenorms|competence|preference"
"200",-4,0,0,-3,4,5,0,11,1,NA,61,"",2,"FL_25","descriptivenorms|preference|joy|injunctivenorms|regret|competence"
"201",2,0,0,0,-1,0,1,11,2,NA,18,"",3,"FL_26","injunctivenorms|joy|competence|descriptivenorms|preference|regret"
"202",4,0,1,2,3,3,4,11,1,NA,24,"",3,"FL_26","descriptivenorms|injunctivenorms|joy|competence|regret|preference"
"203",3,3,2,3,-3,3,3,11,2,NA,29,"",3,"FL_26","descriptivenorms|joy|injunctivenorms|competence|regret|preference"
"204",-2,-5,-5,0,-5,5,5,11,1,NA,40,"",3,"FL_26","injunctivenorms|preference|competence|regret|joy|descriptivenorms"
"205",3,4,4,3,-4,5,0,11,2,NA,30,"",3,"FL_26","descriptivenorms|injunctivenorms|competence|preference|joy|regret"
"206",0,-3,-2,-2,-4,3,-2,5,1,NA,35,"none",3,"FL_26","injunctivenorms|competence|regret|preference|joy|descriptivenorms"
"207",5,-1,0,5,-3,-1,0,11,2,NA,63,"",1,"FL_24","competence|descriptivenorms|injunctivenorms|joy|preference|regret"
"208",0,0,0,2,3,3,3,11,2,NA,47,"",1,"FL_24","injunctivenorms|competence|descriptivenorms|regret|joy|preference"
"209",5,3,0,0,-5,5,0,11,2,NA,25,"",3,"FL_26","joy|injunctivenorms|descriptivenorms|competence|preference|regret"
"210",0,-2,-2,0,3,4,-3,11,2,NA,53,"",1,"FL_24","preference|regret|joy|competence|injunctivenorms|descriptivenorms"
"211",-5,3,2,2,-4,-5,-3,11,1,NA,32,"",1,"FL_24","regret|descriptivenorms|preference|injunctivenorms|competence|joy"
"212",-3,-2,0,-1,2,3,3,11,1,NA,30,"",2,"FL_25","joy|injunctivenorms|regret|competence|preference|descriptivenorms"
"213",4,1,2,2,1,2,1,11,2,NA,19,"",3,"FL_26","competence|injunctivenorms|regret|preference|joy|descriptivenorms"
"214",-2,1,0,-1,-1,3,3,11,2,NA,33,"",2,"FL_25","injunctivenorms|preference|competence|regret|descriptivenorms|joy"
"215",2,3,2,3,2,2,3,11,2,NA,25,"",1,"FL_24","preference|competence|injunctivenorms|regret|descriptivenorms|joy"
"216",5,5,0,-2,-5,0,5,11,2,NA,66,"Rather confusing as neither of them increased their money",3,"FL_26","joy|descriptivenorms|regret|preference|injunctivenorms|competence"
"217",0,0,0,0,1,4,0,11,2,NA,41,"",1,"FL_24","descriptivenorms|joy|competence|regret|preference|injunctivenorms"
"218",0,-2,0,0,1,4,-4,11,1,NA,36,"",1,"FL_24","preference|joy|injunctivenorms|descriptivenorms|regret|competence"
"219",-2,-3,-2,2,5,3,-4,11,2,NA,19,"",2,"FL_25","regret|preference|injunctivenorms|joy|competence|descriptivenorms"
"220",0,1,-1,0,4,0,5,11,1,NA,42,"",2,"FL_25","descriptivenorms|injunctivenorms|preference|joy|regret|competence"
"221",5,1,-1,0,-1,-1,-1,11,2,NA,64,"ENJOYABLE AND MADE ME REALLY THINK",3,"FL_26","regret|preference|descriptivenorms|joy|injunctivenorms|competence"
"222",5,5,0,0,-5,-5,5,11,2,NA,36,"",3,"FL_26","regret|descriptivenorms|preference|injunctivenorms|competence|joy"
"223",5,2,0,0,0,0,5,11,1,NA,42,"",1,"FL_24","joy|competence|descriptivenorms|preference|injunctivenorms|regret"
"224",0,0,0,0,3,0,0,11,2,NA,62,"",2,"FL_25","injunctivenorms|joy|competence|descriptivenorms|regret|preference"
"225",0,0,0,3,3,2,0,11,2,NA,51,"",1,"FL_24","joy|injunctivenorms|preference|regret|competence|descriptivenorms"
"226",1,1,0,1,-1,2,2,11,1,NA,21,"",1,"FL_24","descriptivenorms|preference|competence|joy|injunctivenorms|regret"
"227",-4,-3,-4,0,3,5,5,11,2,NA,36,"",2,"FL_25","preference|joy|injunctivenorms|regret|descriptivenorms|competence"
"228",-2,0,0,-3,3,1,-2,11,1,NA,21,"",2,"FL_25","injunctivenorms|joy|competence|descriptivenorms|regret|preference"
"229",0,-1,-5,-2,3,5,0,11,2,NA,38,"",2,"FL_25","competence|regret|joy|descriptivenorms|injunctivenorms|preference"
"230",-2,1,-1,1,1,-2,-2,11,2,NA,40,"",2,"FL_25","injunctivenorms|competence|descriptivenorms|joy|regret|preference"
"231",4,2,0,3,-1,5,5,11,1,NA,54,"",3,"FL_26","preference|injunctivenorms|regret|descriptivenorms|joy|competence"
"232",0,0,0,0,2,0,0,11,2,NA,30,"",1,"FL_24","injunctivenorms|regret|preference|descriptivenorms|joy|competence"
"233",2,0,2,3,-2,-1,-3,11,2,NA,21,"",3,"FL_26","descriptivenorms|competence|joy|preference|injunctivenorms|regret"
"234",0,0,0,-5,0,0,0,11,2,NA,26,"",3,"FL_26","injunctivenorms|preference|competence|descriptivenorms|joy|regret"
"235",3,2,3,2,2,2,3,8,2,NA,23,"Nothing",1,"FL_24","joy|preference|injunctivenorms|regret|descriptivenorms|competence"
"236",1,0,2,-3,-3,0,-5,11,3,NA,33,"",3,"FL_26","joy|preference|competence|descriptivenorms|injunctivenorms|regret"
"237",4,0,0,0,0,4,4,11,2,NA,54,"Nothing ",3,"FL_26","joy|regret|injunctivenorms|descriptivenorms|preference|competence"
"238",0,-2,-3,0,4,4,-5,11,2,NA,31,"",1,"FL_24","regret|preference|joy|competence|injunctivenorms|descriptivenorms"
"239",2,0,0,0,2,2,0,11,2,NA,49,"",2,"FL_25","preference|competence|injunctivenorms|regret|descriptivenorms|joy"
"240",-4,-4,3,4,-4,4,4,11,1,NA,44,"",2,"FL_25","regret|descriptivenorms|preference|injunctivenorms|joy|competence"
"241",0,-1,-1,0,0,1,-2,11,2,NA,20,"",1,"FL_24","preference|competence|descriptivenorms|joy|regret|injunctivenorms"
"242",1,-5,0,0,5,5,0,11,1,NA,31,"",1,"FL_24","preference|joy|regret|descriptivenorms|competence|injunctivenorms"
"243",-4,-4,-3,-2,3,3,0,11,1,NA,18,"",2,"FL_25","injunctivenorms|competence|regret|joy|preference|descriptivenorms"
"244",-5,-3,-3,3,3,5,4,11,2,NA,37,"none",1,"FL_24","competence|preference|injunctivenorms|regret|joy|descriptivenorms"
"245",3,5,5,0,5,4,4,11,2,NA,57,"",3,"FL_26","competence|preference|descriptivenorms|injunctivenorms|joy|regret"
"246",1,-1,0,1,2,0,2,11,1,NA,35,NA,3,"FL_26","regret|competence|joy|descriptivenorms|injunctivenorms|preference"
"247",5,0,0,3,-5,5,0,11,2,NA,36,"",3,"FL_26","joy|descriptivenorms|injunctivenorms|competence|preference|regret"
"248",5,5,5,-5,1,0,0,11,2,NA,52,"It's a tricky situation both advisors found themselves in. They can both be given benefit of the doubt since previously they did well.",2,"FL_25","injunctivenorms|descriptivenorms|joy|regret|competence|preference"
"249",0,0,0,0,-5,0,0,11,2,NA,40,"",3,"FL_26","injunctivenorms|joy|preference|descriptivenorms|regret|competence"
"250",-3,-3,-3,-2,4,4,-4,1,NA,NA,31,"",2,"FL_25","preference|injunctivenorms|descriptivenorms|competence|regret|joy"
"251",-5,5,-5,-5,5,5,0,11,1,NA,23,"I think it was the better option to drop out rather than switch. At least in that position there was a zero profit/loss and no risk to be had. There wouldn't have been any financial worry in this situation.",2,"FL_25","joy|competence|regret|descriptivenorms|preference|injunctivenorms"
"252",0,4,0,0,0,0,2,11,3,NA,26,"",1,"FL_24","regret|competence|preference|injunctivenorms|descriptivenorms|joy"
"253",0,2,0,1,-2,-2,1,11,2,NA,49,"",3,"FL_26","descriptivenorms|regret|joy|injunctivenorms|competence|preference"
"254",5,2,2,-2,-2,0,0,11,1,NA,52,"",3,"FL_26","preference|regret|injunctivenorms|joy|descriptivenorms|competence"
"255",5,-3,-2,-3,2,4,4,11,2,NA,31,"",3,"FL_26","injunctivenorms|preference|regret|descriptivenorms|competence|joy"
"256",0,-1,0,-1,0,0,0,11,2,NA,33,"",1,"FL_24","competence|descriptivenorms|preference|joy|regret|injunctivenorms"
"257",-3,-4,-4,-2,3,4,4,11,2,NA,38,"",2,"FL_25","competence|preference|regret|descriptivenorms|injunctivenorms|joy"
"258",1,-1,0,-3,-2,3,3,11,2,NA,32,"",3,"FL_26","injunctivenorms|regret|competence|preference|descriptivenorms|joy"
"259",0,-4,-3,4,0,0,0,11,1,NA,49,"",2,"FL_25","regret|joy|preference|descriptivenorms|competence|injunctivenorms"
"260",0,0,0,0,0,-4,3,11,2,NA,34,"",2,"FL_25","preference|joy|injunctivenorms|regret|competence|descriptivenorms"
"261",4,0,0,0,3,5,0,11,2,NA,49,"",3,"FL_26","joy|regret|injunctivenorms|preference|descriptivenorms|competence"
"262",2,1,0,3,5,3,5,11,1,NA,25,"",1,"FL_24","descriptivenorms|injunctivenorms|joy|regret|competence|preference"
"263",4,0,0,3,-2,0,0,11,2,NA,35,"",3,"FL_26","descriptivenorms|joy|preference|regret|competence|injunctivenorms"
"264",5,2,4,4,-4,4,-3,11,2,NA,29,"",3,"FL_26","preference|joy|regret|descriptivenorms|injunctivenorms|competence"
"265",4,0,0,-3,5,2,0,11,2,NA,30,"",3,"FL_26","joy|injunctivenorms|competence|preference|regret|descriptivenorms"
"266",0,-2,0,-3,5,5,-3,11,2,NA,28,"",2,"FL_25","competence|regret|injunctivenorms|descriptivenorms|preference|joy"
"267",5,3,0,-2,3,5,4,11,2,NA,48,"",3,"FL_26","injunctivenorms|joy|regret|competence|preference|descriptivenorms"
"268",-2,1,3,2,-2,-3,4,11,1,NA,18,"",2,"FL_25","descriptivenorms|injunctivenorms|competence|joy|regret|preference"
"269",0,0,0,0,0,1,1,11,1,NA,35,"",1,"FL_24","competence|regret|descriptivenorms|preference|joy|injunctivenorms"
"270",3,0,0,0,0,0,0,11,2,NA,36,"",1,"FL_24","competence|regret|descriptivenorms|injunctivenorms|preference|joy"
"271",3,2,0,-1,-2,4,-2,11,1,NA,20,"",1,"FL_24","regret|preference|injunctivenorms|joy|competence|descriptivenorms"
"272",0,-5,5,0,5,0,0,11,2,NA,36,"None",NA,"",""
"273",NA,NA,NA,NA,NA,NA,NA,NA,NA,NA,NA,"",NA,"",""
"274",2,-5,5,-5,5,5,-5,11,2,NA,20,"",2,"FL_25","injunctivenorms|regret|descriptivenorms|competence|joy|preference"
"275",0,0,0,0,0,0,-4,11,2,NA,34,"",2,"FL_25","preference|regret|injunctivenorms|competence|joy|descriptivenorms"
"276",4,-5,-4,-3,5,5,-4,11,1,NA,23,"",3,"FL_26","descriptivenorms|joy|preference|competence|regret|injunctivenorms"
"277",0,-2,2,-1,3,2,-1,11,2,NA,32,"",1,"FL_24","injunctivenorms|regret|competence|preference|joy|descriptivenorms"
"278",-1,2,2,-2,2,2,2,11,2,NA,26,"",3,"FL_26","regret|preference|competence|injunctivenorms|joy|descriptivenorms"
"279",-4,-4,-2,-1,4,5,4,11,1,NA,25,"",2,"FL_25","injunctivenorms|joy|descriptivenorms|competence|preference|regret"
"280",3,0,0,3,0,2,-2,11,1,NA,32,"",3,"FL_26","descriptivenorms|preference|joy|regret|competence|injunctivenorms"
"281",0,0,1,2,0,-1,1,11,2,NA,32,"",3,"FL_26","preference|joy|competence|descriptivenorms|regret|injunctivenorms"
"282",0,0,0,2,0,0,0,11,2,NA,48,"I'm actually interested in who would be pilloried more when they both lost an equal amount of money.",1,"FL_24","preference|injunctivenorms|descriptivenorms|regret|joy|competence"
"283",0,-4,-4,3,5,-5,0,11,1,NA,31,"",1,"FL_24","preference|regret|competence|injunctivenorms|descriptivenorms|joy"
"284",0,0,-1,1,4,5,0,11,1,NA,21,"",1,"FL_24","joy|injunctivenorms|preference|descriptivenorms|competence|regret"
"285",1,-1,0,-2,5,5,5,11,2,NA,39,"none",3,"FL_26","regret|preference|competence|descriptivenorms|joy|injunctivenorms"
"286",0,0,0,4,3,2,2,11,1,NA,64,"",2,"FL_25","preference|regret|injunctivenorms|joy|descriptivenorms|competence"
"287",0,-1,-1,0,2,2,2,11,1,NA,38,"",2,"FL_25","descriptivenorms|regret|preference|joy|injunctivenorms|competence"
"288",1,2,3,2,3,2,2,11,1,NA,21,"",3,"FL_26","regret|descriptivenorms|injunctivenorms|preference|competence|joy"
"289",0,-2,-2,-3,3,5,-5,11,2,NA,18,"",1,"FL_24","joy|competence|descriptivenorms|preference|injunctivenorms|regret"
"290",0,-2,-2,0,3,4,-2,11,2,NA,27,"",1,"FL_24","preference|regret|joy|competence|injunctivenorms|descriptivenorms"
"291",5,-4,-3,0,3,5,5,11,2,NA,36,"",3,"FL_26","injunctivenorms|descriptivenorms|competence|preference|regret|joy"
"292",0,2,0,-2,-2,3,2,11,2,NA,30,"I found this intriguing! ",1,"FL_24","joy|competence|descriptivenorms|preference|regret|injunctivenorms"
"293",-3,0,-1,1,3,4,3,11,1,NA,32,"",2,"FL_25","regret|joy|injunctivenorms|preference|descriptivenorms|competence"
"294",0,0,0,3,5,2,5,11,1,NA,30,"",1,"FL_24","injunctivenorms|competence|regret|preference|joy|descriptivenorms"
"295",-3,1,0,-2,-2,0,3,11,2,NA,40,"",2,"FL_25","joy|competence|preference|regret|injunctivenorms|descriptivenorms"
"296",2,1,1,2,-5,5,-5,11,1,NA,29,"No additional comments",3,"FL_26","preference|regret|injunctivenorms|descriptivenorms|joy|competence"
"297",-5,0,-5,-2,0,0,-5,11,2,NA,32,"",2,"FL_25","injunctivenorms|competence|regret|preference|descriptivenorms|joy"
"298",5,-3,3,5,-5,5,5,11,2,NA,54,"",3,"FL_26","preference|regret|competence|joy|descriptivenorms|injunctivenorms"
"299",-4,5,5,-5,-5,5,-5,11,2,NA,42,"",2,"FL_25","descriptivenorms|joy|competence|regret|injunctivenorms|preference"
"300",-2,-2,0,3,2,4,3,11,2,NA,44,"",2,"FL_25","regret|competence|descriptivenorms|joy|preference|injunctivenorms"
"301",-1,-2,-1,-1,1,1,2,11,2,NA,33,"",2,"FL_25","preference|regret|injunctivenorms|descriptivenorms|competence|joy"
"302",-1,0,0,2,0,2,0,11,1,NA,61,"",2,"FL_25","competence|joy|injunctivenorms|preference|descriptivenorms|regret"
"303",0,1,0,2,-1,2,2,11,2,NA,29,"",1,"FL_24","descriptivenorms|preference|joy|competence|injunctivenorms|regret"
"304",5,0,-4,0,-3,5,5,11,2,NA,37,"",3,"FL_26","competence|regret|descriptivenorms|joy|preference|injunctivenorms"
"305",3,0,1,2,2,3,4,11,1,NA,39,"",3,"FL_26","regret|joy|competence|injunctivenorms|preference|descriptivenorms"
"306",-5,0,0,5,-5,-5,5,11,2,NA,35,"",3,"FL_26","joy|injunctivenorms|preference|descriptivenorms|regret|competence"
"307",-4,-1,-1,-1,-3,3,-2,11,2,NA,23,"",2,"FL_25","joy|injunctivenorms|competence|preference|descriptivenorms|regret"
"308",1,2,0,-3,-4,3,3,11,2,NA,21,"",3,"FL_26","joy|preference|injunctivenorms|competence|regret|descriptivenorms"
"309",0,-1,-2,2,2,4,-3,11,2,NA,51,"",1,"FL_24","competence|injunctivenorms|preference|regret|descriptivenorms|joy"
"310",-1,0,0,-1,-1,5,4,11,2,NA,38,"",1,"FL_24","injunctivenorms|descriptivenorms|competence|joy|preference|regret"
"311",-3,-2,-2,2,-2,4,-2,11,2,NA,42,"",2,"FL_25","preference|competence|regret|joy|descriptivenorms|injunctivenorms"
"312",5,0,-1,-2,1,4,0,11,2,NA,49,"",3,"FL_26","joy|injunctivenorms|regret|descriptivenorms|preference|competence"
"313",3,1,0,1,-5,3,4,11,2,NA,28,"",3,"FL_26","regret|injunctivenorms|competence|descriptivenorms|joy|preference"
"314",0,-3,0,0,1,3,1,11,2,NA,34,"",1,"FL_24","descriptivenorms|preference|regret|injunctivenorms|joy|competence"
"315",0,-5,0,4,3,5,0,11,2,NA,54,"none",1,"FL_24","joy|regret|preference|competence|injunctivenorms|descriptivenorms"
"316",5,0,0,0,2,0,0,11,1,NA,26,"",3,"FL_26","joy|descriptivenorms|competence|preference|injunctivenorms|regret"
"317",3,0,0,0,0,0,0,11,2,NA,34,"n/a",3,"FL_26","competence|joy|injunctivenorms|preference|regret|descriptivenorms"
"318",-3,-2,-2,0,4,3,3,11,1,NA,31,"",2,"FL_25","competence|injunctivenorms|descriptivenorms|regret|joy|preference"
"319",3,-2,0,0,-1,1,1,11,1,NA,33,"",3,"FL_26","preference|injunctivenorms|descriptivenorms|joy|competence|regret"
"320",3,-1,0,3,5,4,4,11,1,NA,29,"",3,"FL_26","injunctivenorms|descriptivenorms|regret|competence|joy|preference"
"321",0,0,0,0,0,0,0,11,2,NA,35,"The 2 guys were the same for me  they could be better off and they lost the same amount of money on investments",3,"FL_26","joy|preference|competence|descriptivenorms|injunctivenorms|regret"
"322",1,-1,0,1,1,2,2,11,1,NA,23,"",3,"FL_26","regret|injunctivenorms|joy|competence|preference|descriptivenorms"
"323",5,0,0,2,2,4,4,11,2,NA,27,"",3,"FL_26","competence|descriptivenorms|preference|injunctivenorms|regret|joy"
"324",-2,0,0,-1,4,2,4,11,1,NA,54,"",2,"FL_25","regret|joy|preference|competence|injunctivenorms|descriptivenorms"
"325",2,5,2,-1,-3,0,1,11,2,NA,27,"",3,"FL_26","descriptivenorms|competence|regret|preference|injunctivenorms|joy"
"326",-4,-4,-4,-1,4,5,1,11,2,NA,52,"",2,"FL_25","preference|competence|descriptivenorms|injunctivenorms|joy|regret"
"327",0,-1,-1,5,0,5,5,11,2,NA,30,"",1,"FL_24","joy|regret|injunctivenorms|descriptivenorms|competence|preference"
"328",1,-2,-2,0,1,-4,-3,11,2,NA,33,"",3,"FL_26","competence|joy|preference|injunctivenorms|descriptivenorms|regret"
"329",2,-5,-3,3,4,-3,2,11,2,NA,18,"",2,"FL_25","injunctivenorms|joy|competence|preference|regret|descriptivenorms"
"330",0,0,0,5,0,0,-5,11,2,NA,56,"",1,"FL_24","competence|regret|joy|injunctivenorms|descriptivenorms|preference"
"331",0,-3,-3,2,-3,3,2,11,2,NA,45,"",1,"FL_24","competence|descriptivenorms|injunctivenorms|joy|preference|regret"
"332",5,0,0,0,0,0,0,11,2,NA,53,"Found both investors utterly incompetent and thought both were at blame for their mistakes  I would have sacked both of them.",3,"FL_26","preference|injunctivenorms|descriptivenorms|competence|regret|joy"
"333",5,0,0,-5,5,5,-5,11,2,NA,36,"I don't ",3,"FL_26","regret|joy|competence|preference|injunctivenorms|descriptivenorms"
"334",-5,-3,-3,-3,1,3,5,11,1,NA,34,"Wonderful thought exercise and hypothetical. I suppose that since hindsight is 20/20  it's easy now to criticise one or the other for the choice that they made. Thank you for the opportunity to participate!",2,"FL_25","descriptivenorms|competence|joy|regret|injunctivenorms|preference"
"335",-3,0,-1,-4,5,5,5,11,1,NA,19,"",2,"FL_25","preference|joy|injunctivenorms|regret|competence|descriptivenorms"
"336",0,0,0,0,0,0,0,11,2,NA,38,"",1,"FL_24","injunctivenorms|preference|competence|regret|descriptivenorms|joy"
"337",2,0,0,0,0,0,0,11,1,NA,50,"Not sure if there were wrong or right answers  but I genuinely could not separate either financial adviser",2,"FL_25","preference|regret|descriptivenorms|injunctivenorms|competence|joy"
"338",0,0,-1,2,0,0,0,11,2,NA,37,"",3,"FL_26","injunctivenorms|preference|regret|descriptivenorms|competence|joy"
"339",0,0,-1,-2,3,0,-4,11,2,NA,25,"",1,"FL_24","regret|competence|injunctivenorms|joy|preference|descriptivenorms"
"340",0,0,0,0,5,5,-5,11,2,NA,74,"",1,"FL_24","competence|preference|regret|joy|injunctivenorms|descriptivenorms"
"341",4,4,4,4,-4,4,-4,11,2,NA,53,"",3,"FL_26","regret|descriptivenorms|competence|preference|joy|injunctivenorms"
"342",0,-1,-1,0,3,3,3,11,2,NA,42,"",2,"FL_25","competence|regret|injunctivenorms|preference|descriptivenorms|joy"
"343",4,1,2,0,-3,3,3,11,2,NA,49,"",3,"FL_26","injunctivenorms|preference|regret|joy|competence|descriptivenorms"
"344",-3,-5,-4,-3,4,5,3,11,2,NA,46,"",2,"FL_25","injunctivenorms|competence|regret|preference|descriptivenorms|joy"
"345",3,0,-1,0,-2,2,4,11,2,NA,31,"",3,"FL_26","regret|competence|preference|injunctivenorms|descriptivenorms|joy"
"346",0,4,2,3,4,4,-4,11,2,NA,56,"",3,"FL_26","descriptivenorms|injunctivenorms|joy|preference|regret|competence"
"347",-2,-1,0,-1,3,4,3,11,2,NA,50,"",1,"FL_24","joy|regret|competence|preference|descriptivenorms|injunctivenorms"
"348",-2,-5,-5,-5,5,0,-5,11,2,NA,27,"",2,"FL_25","descriptivenorms|injunctivenorms|competence|regret|preference|joy"
"349",0,-3,0,3,3,3,3,11,1,NA,39,"",2,"FL_25","preference|injunctivenorms|regret|competence|descriptivenorms|joy"
"350",0,-5,-5,0,5,5,5,11,2,NA,34,"",1,"FL_24","preference|injunctivenorms|competence|joy|regret|descriptivenorms"
"351",-2,0,-1,-4,3,4,-4,11,2,NA,46,"",2,"FL_25","descriptivenorms|joy|injunctivenorms|regret|preference|competence"
"352",2,0,0,0,3,4,0,11,1,NA,22,"",2,"FL_25","regret|preference|joy|competence|descriptivenorms|injunctivenorms"
"353",0,-5,0,5,-5,0,-5,11,2,NA,49,"",1,"FL_24","injunctivenorms|joy|descriptivenorms|regret|competence|preference"
"354",-4,-3,-2,5,5,5,-5,11,2,NA,31,"",2,"FL_25","injunctivenorms|competence|regret|preference|descriptivenorms|joy"
"355",0,0,0,5,-1,0,5,11,2,NA,42,"",3,"FL_26","descriptivenorms|competence|preference|regret|joy|injunctivenorms"
"356",-1,0,3,0,3,1,-4,11,2,NA,34,"",2,"FL_25","regret|injunctivenorms|competence|descriptivenorms|preference|joy"
"357",-2,-2,-3,2,3,-5,5,11,1,NA,19,"",2,"FL_25","preference|descriptivenorms|competence|joy|regret|injunctivenorms"
"358",0,5,0,3,-3,1,0,11,2,NA,28,"",1,"FL_24","descriptivenorms|injunctivenorms|competence|joy|regret|preference"
"359",0,-2,-1,-2,1,3,3,11,1,NA,38,"",1,"FL_24","preference|joy|injunctivenorms|competence|descriptivenorms|regret"
"360",5,5,3,4,0,-5,5,11,2,NA,61,"",3,"FL_26","descriptivenorms|competence|joy|regret|injunctivenorms|preference"
"361",0,-2,2,1,-1,3,-2,11,1,NA,27,"",3,"FL_26","competence|regret|injunctivenorms|descriptivenorms|preference|joy"
"362",-4,0,0,3,-3,0,0,11,2,NA,43,"",2,"FL_25","competence|preference|regret|joy|injunctivenorms|descriptivenorms"
"363",5,0,0,0,2,3,2,11,2,NA,48,"",3,"FL_26","descriptivenorms|preference|regret|injunctivenorms|competence|joy"
"364",0,0,0,1,1,2,3,11,2,NA,30,"",1,"FL_24","joy|preference|regret|competence|injunctivenorms|descriptivenorms"
"365",5,1,1,5,1,1,0,11,2,NA,71,"",3,"FL_26","regret|injunctivenorms|preference|descriptivenorms|competence|joy"
"366",2,-1,0,5,-3,-4,5,11,2,NA,24,"",3,"FL_26","descriptivenorms|preference|regret|injunctivenorms|competence|joy"
"367",0,0,0,-2,0,2,1,11,2,NA,48,"",2,"FL_25","injunctivenorms|preference|competence|joy|descriptivenorms|regret"
"368",-3,0,-1,0,0,2,0,11,3,NA,37,"",1,"FL_24","joy|regret|competence|injunctivenorms|descriptivenorms|preference"
"369",-3,0,0,2,-3,3,0,11,2,NA,34,"",2,"FL_25","descriptivenorms|preference|injunctivenorms|joy|competence|regret"
"370",-3,-4,-4,2,-2,5,4,11,1,NA,48,"",2,"FL_25","descriptivenorms|injunctivenorms|joy|preference|competence|regret"
"371",5,0,0,0,2,5,5,11,2,NA,25,"",3,"FL_26","regret|competence|joy|preference|descriptivenorms|injunctivenorms"
"372",5,3,-2,-3,-2,3,-2,11,1,NA,26,"Stay frosty.",3,"FL_26","descriptivenorms|regret|injunctivenorms|preference|competence|joy"
"373",5,0,0,-5,5,5,-5,11,2,NA,55,"no",3,"FL_26","descriptivenorms|regret|joy|competence|preference|injunctivenorms"
"374",0,-1,0,-1,1,2,-1,11,2,NA,30,"",2,"FL_25","descriptivenorms|joy|preference|competence|regret|injunctivenorms"
"375",0,0,0,0,-2,5,3,11,2,NA,60,"",1,"FL_24","preference|regret|competence|joy|descriptivenorms|injunctivenorms"
"376",-1,-3,0,-2,3,4,0,11,1,NA,42,"",2,"FL_25","injunctivenorms|descriptivenorms|joy|preference|regret|competence"
"377",0,-2,-2,-3,-3,3,3,11,1,NA,28,"",3,"FL_26","injunctivenorms|competence|joy|preference|regret|descriptivenorms"
"378",5,2,1,-3,2,3,4,11,2,NA,37,"",3,"FL_26","injunctivenorms|joy|preference|regret|competence|descriptivenorms"
"379",0,-1,-2,-3,-1,5,-5,11,3,NA,28,"None. ",1,"FL_24","descriptivenorms|regret|preference|competence|injunctivenorms|joy"
"380",5,2,3,-4,-5,3,3,11,2,NA,32,"",3,"FL_26","joy|injunctivenorms|descriptivenorms|preference|regret|competence"
"381",4,2,4,0,0,0,3,11,2,NA,52,"",3,"FL_26","regret|injunctivenorms|competence|joy|preference|descriptivenorms"
"382",0,-4,0,0,4,-3,0,1,1,NA,41,"Sorry I may of clicked the exact opposite in the ""pay attention"" question just now",NA,"",""
"383",NA,NA,NA,NA,NA,NA,NA,NA,NA,NA,NA,"",NA,"",""
"384",NA,NA,NA,NA,NA,NA,NA,NA,NA,NA,NA,"",NA,"",""
"385",-3,-1,0,-2,4,3,4,11,1,NA,36,"",2,"FL_25","regret|injunctivenorms|joy|preference|descriptivenorms|competence"
"386",0,-5,-3,-5,5,5,-5,11,1,NA,18,"",2,"FL_25","competence|preference|descriptivenorms|joy|regret|injunctivenorms"
"387",0,-3,-2,4,4,0,2,11,2,NA,58,"none",2,"FL_25","joy|competence|injunctivenorms|preference|descriptivenorms|regret"
"388",4,3,3,-3,-3,3,4,11,2,NA,40,"",3,"FL_26","injunctivenorms|preference|competence|joy|regret|descriptivenorms"
"389",-2,2,0,-3,-2,-5,5,11,1,NA,24,"",3,"FL_26","descriptivenorms|joy|preference|competence|injunctivenorms|regret"
"390",0,-2,-1,-1,3,0,-4,11,1,NA,21,"",1,"FL_24","regret|descriptivenorms|joy|preference|injunctivenorms|competence"
"391",0,0,0,0,0,1,0,11,2,NA,30,"",1,"FL_24","preference|competence|injunctivenorms|descriptivenorms|regret|joy"
"392",0,0,0,-5,5,5,-5,11,2,NA,30,"",1,"FL_24","preference|competence|descriptivenorms|injunctivenorms|joy|regret"
"393",-4,-3,-1,2,3,4,3,11,2,NA,67,"",2,"FL_25","joy|injunctivenorms|preference|regret|competence|descriptivenorms"
"394",-5,0,0,0,2,0,5,11,2,NA,32,"",2,"FL_25","descriptivenorms|joy|competence|regret|injunctivenorms|preference"
"395",5,2,2,-3,0,-1,1,11,1,NA,23,"",3,"FL_26","joy|competence|regret|preference|descriptivenorms|injunctivenorms"
"396",-1,-1,0,0,0,4,2,11,2,NA,18,"",2,"FL_25","joy|competence|regret|injunctivenorms|descriptivenorms|preference"
"397",0,1,0,2,-1,0,1,11,1,NA,38,"",2,"FL_25","preference|injunctivenorms|joy|competence|descriptivenorms|regret"
"398",-3,-3,0,-3,3,0,0,11,1,NA,23,"",2,"FL_25","preference|descriptivenorms|joy|injunctivenorms|competence|regret"
"399",-3,-1,0,1,2,2,1,11,2,NA,41,"",2,"FL_25","injunctivenorms|competence|regret|preference|joy|descriptivenorms"
"400",5,0,0,-2,0,0,0,11,1,NA,50,"",3,"FL_26","regret|injunctivenorms|descriptivenorms|competence|preference|joy"
"401",5,0,0,-5,0,0,5,11,2,NA,25,"",3,"FL_26","regret|preference|descriptivenorms|joy|injunctivenorms|competence"
"402",-3,0,0,0,3,0,-2,11,2,NA,38,"",2,"FL_25","regret|competence|descriptivenorms|preference|injunctivenorms|joy"
"403",0,-5,5,5,5,0,0,11,1,NA,31,"",2,"FL_25","joy|preference|regret|descriptivenorms|injunctivenorms|competence"
"404",-4,1,1,2,0,0,0,11,2,NA,30,"",1,"FL_24","injunctivenorms|regret|competence|preference|descriptivenorms|joy"
"405",0,-1,-1,3,-1,-2,1,7,2,NA,32,"NONE",2,"FL_25","descriptivenorms|joy|regret|preference|injunctivenorms|competence"
"406",-1,0,0,2,3,2,3,11,2,NA,42,"",2,"FL_25","regret|injunctivenorms|preference|joy|descriptivenorms|competence"
"407",3,0,3,0,-2,-3,-3,11,1,NA,24,"",3,"FL_26","preference|injunctivenorms|joy|competence|regret|descriptivenorms"
"408",0,0,-3,0,5,5,-5,11,2,NA,26,"",2,"FL_25","joy|descriptivenorms|competence|regret|preference|injunctivenorms"
"409",5,-2,-2,1,3,5,-2,11,3,NA,33,"",3,"FL_26","descriptivenorms|competence|regret|joy|injunctivenorms|preference"
"410",-2,5,0,0,-5,-5,5,11,2,NA,35,"",1,"FL_24","injunctivenorms|preference|regret|joy|descriptivenorms|competence"
"411",3,5,0,-5,5,5,5,11,2,NA,70,"My only comments are that  although George was riding high with investment B  he had done well and was protecting his clients money  whereas Paul just continued to take the safest approach and just bubble along.  Both were right as far as I can tell.",1,"FL_24","joy|regret|competence|preference|descriptivenorms|injunctivenorms"
"412",-3,0,0,0,0,3,3,11,2,NA,27,"",2,"FL_25","joy|preference|competence|injunctivenorms|descriptivenorms|regret"
"413",0,0,0,0,0,0,0,11,2,NA,32,"I don't feel able to answer questions about who regrets their decision more or who was more competent as there was no information on the Financial Advisors' feelings or the reasons why they switched/didn't switch.",2,"FL_25","descriptivenorms|competence|regret|joy|preference|injunctivenorms"
"414",0,0,0,0,0,3,0,11,2,NA,50,"Interesting",2,"FL_25","injunctivenorms|descriptivenorms|joy|preference|regret|competence"
"415",0,-5,-5,-4,5,5,-5,11,1,NA,40,"",2,"FL_25","descriptivenorms|competence|injunctivenorms|preference|regret|joy"
"416",-1,-3,-2,-4,3,5,-5,11,1,NA,29,"Interesting study!",2,"FL_25","preference|descriptivenorms|joy|regret|competence|injunctivenorms"
"417",4,-3,3,-3,5,5,-1,11,1,NA,33,"",3,"FL_26","competence|descriptivenorms|preference|regret|joy|injunctivenorms"
"418",-3,0,0,0,3,4,0,11,2,NA,35,"",2,"FL_25","preference|injunctivenorms|descriptivenorms|competence|joy|regret"
"419",-1,1,0,2,-3,2,2,11,2,NA,36,"",2,"FL_25","regret|injunctivenorms|competence|joy|descriptivenorms|preference"
"420",5,0,-5,-5,-5,5,5,11,1,NA,37,"",3,"FL_26","preference|competence|joy|descriptivenorms|regret|injunctivenorms"
"421",-5,-2,0,5,1,-1,-3,11,1,NA,32,"",2,"FL_25","descriptivenorms|regret|competence|injunctivenorms|joy|preference"
"422",3,0,0,2,-2,5,-3,1,2,NA,73,"",3,"FL_26","descriptivenorms|competence|joy|preference|regret|injunctivenorms"
"423",-3,0,0,0,0,0,0,11,2,NA,22,"no  thanks",2,"FL_25","descriptivenorms|competence|preference|injunctivenorms|joy|regret"
"424",0,0,0,0,3,0,0,11,1,NA,46,"I found most of the questions somewhat difficult to select a specific preference/answer. Both Paul and George showed incompetencies in their decision making and action in different ways and so there were reasons on both sides not to favour one advisor over another in the answers given. Additionally  not knowing the backstory of why these advisors would choose to apparently act against the interests of their clients or whether these advisors simply were not skilled in their roles also makes it difficult to understand their behaviours.",3,"FL_26","preference|regret|descriptivenorms|injunctivenorms|joy|competence"
"425",0,-3,0,-3,3,3,-4,11,2,NA,19,"n/a",1,"FL_24","competence|descriptivenorms|preference|injunctivenorms|joy|regret"
"426",0,2,5,0,0,-5,-1,11,2,NA,24,"",1,"FL_24","regret|descriptivenorms|joy|competence|injunctivenorms|preference"
"427",-2,-1,-1,0,4,4,1,11,1,NA,28,"",2,"FL_25","regret|joy|injunctivenorms|preference|competence|descriptivenorms"
"428",2,3,0,3,-1,-2,2,11,2,NA,31,"",2,"FL_25","descriptivenorms|injunctivenorms|regret|preference|joy|competence"
"429",0,-2,-3,-2,0,0,0,11,2,NA,29,"",2,"FL_25","regret|descriptivenorms|joy|competence|preference|injunctivenorms"
"430",3,-2,0,-3,3,4,0,11,1,NA,21,"",3,"FL_26","preference|joy|regret|descriptivenorms|competence|injunctivenorms"
"431",0,5,-1,3,3,-2,-1,11,2,NA,30,"",1,"FL_24","competence|descriptivenorms|joy|preference|injunctivenorms|regret"
"432",0,2,2,2,0,3,-1,11,1,NA,45,"",3,"FL_26","joy|descriptivenorms|preference|regret|competence|injunctivenorms"
"433",0,-3,0,4,-3,5,0,11,2,NA,23,"",2,"FL_25","preference|competence|descriptivenorms|regret|injunctivenorms|joy"
"434",5,5,5,0,-5,5,-5,11,2,NA,30,"",3,"FL_26","competence|injunctivenorms|descriptivenorms|joy|preference|regret"
"435",0,5,-2,3,-4,-3,-5,11,2,NA,26,"",1,"FL_24","injunctivenorms|descriptivenorms|joy|competence|regret|preference"
"436",0,-3,-3,0,4,3,2,11,2,NA,39,"",1,"FL_24","regret|competence|preference|descriptivenorms|injunctivenorms|joy"
"437",0,-1,0,0,-5,5,-4,11,2,NA,33,"",1,"FL_24","joy|injunctivenorms|descriptivenorms|regret|competence|preference"
"438",1,0,1,1,4,3,-4,11,1,NA,27,"",3,"FL_26","joy|preference|competence|descriptivenorms|regret|injunctivenorms"
"439",0,2,0,-5,5,5,-5,11,2,NA,26,"",3,"FL_26","injunctivenorms|competence|preference|joy|descriptivenorms|regret"
"440",4,3,3,-3,-4,3,4,11,2,NA,33,"",3,"FL_26","injunctivenorms|competence|regret|joy|descriptivenorms|preference"
"441",-3,0,0,2,0,-3,0,11,1,NA,46,"",2,"FL_25","injunctivenorms|joy|regret|preference|descriptivenorms|competence"
"442",-1,3,2,-2,-5,-5,5,11,1,NA,18,"",1,"FL_24","preference|regret|injunctivenorms|joy|competence|descriptivenorms"
"443",-3,-2,-3,1,-3,4,4,11,1,NA,29,"",2,"FL_25","competence|preference|descriptivenorms|injunctivenorms|regret|joy"
"444",-3,-2,-2,1,3,1,-3,11,1,NA,22,"",2,"FL_25","joy|competence|preference|injunctivenorms|regret|descriptivenorms"
"445",0,-5,-5,5,5,5,0,11,2,NA,69,"Interesting! Probably one of the reasons I don't invest",2,"FL_25","injunctivenorms|preference|regret|competence|descriptivenorms|joy"
"446",-3,3,3,2,-5,5,5,11,2,NA,38,"",3,"FL_26","injunctivenorms|regret|preference|descriptivenorms|joy|competence"
"447",0,0,0,0,5,4,3,11,2,NA,23,"",1,"FL_24","preference|injunctivenorms|joy|competence|descriptivenorms|regret"
"448",0,-2,-1,-1,3,5,5,11,1,NA,34,"",3,"FL_26","injunctivenorms|joy|competence|regret|descriptivenorms|preference"
"449",-2,0,0,-3,0,1,1,11,2,NA,48,"",2,"FL_25","joy|competence|injunctivenorms|descriptivenorms|preference|regret"
"450",5,0,0,-1,-1,5,0,11,2,NA,48,"",3,"FL_26","joy|regret|descriptivenorms|preference|competence|injunctivenorms"
"451",-2,1,1,-1,2,5,-4,11,1,NA,27,"",2,"FL_25","joy|competence|preference|injunctivenorms|regret|descriptivenorms"
"452",0,0,0,0,0,0,-4,11,2,NA,41,"",1,"FL_24","injunctivenorms|regret|preference|descriptivenorms|competence|joy"
"453",0,1,1,-3,2,4,-4,11,1,NA,67,"In these times i find IFAs react very conservatively with most customer funds",NA,"",""
"454",NA,NA,NA,NA,NA,NA,NA,NA,NA,NA,NA,"",NA,"",""
"455",-3,-3,-3,-2,3,3,1,11,1,NA,27,"",2,"FL_25","descriptivenorms|joy|competence|preference|regret|injunctivenorms"
"456",0,-2,-2,-3,2,0,-3,11,1,NA,50,"None",1,"FL_24","regret|preference|descriptivenorms|joy|competence|injunctivenorms"
"457",5,3,-5,2,1,3,5,11,1,NA,21,"",2,"FL_25","competence|joy|descriptivenorms|preference|injunctivenorms|regret"
"458",-3,3,-2,4,1,5,-5,11,1,NA,30,"",2,"FL_25","descriptivenorms|joy|regret|preference|injunctivenorms|competence"
"459",3,2,NA,2,0,0,1,NA,NA,NA,NA,"",2,"FL_25","preference|regret|descriptivenorms|joy|injunctivenorms|competence"
"460",0,NA,NA,NA,NA,NA,NA,NA,NA,NA,NA,"",1,"FL_24",""
"461",NA,NA,NA,NA,NA,NA,NA,NA,NA,NA,NA,"",2,"FL_25",""
"462",5,NA,NA,NA,NA,NA,NA,NA,NA,NA,NA,"",1,"FL_24",""
"463",2,-1,NA,0,0,1,NA,NA,NA,NA,NA,"",1,"FL_24","injunctivenorms|regret|preference|descriptivenorms|competence|joy"
"464",0,NA,NA,NA,NA,1,NA,NA,NA,NA,NA,"",1,"FL_24","regret|injunctivenorms|joy|preference|descriptivenorms|competence"
